"","RI","Na","Mg","Al","Si","K","Ca","Ba","Fe","Type"
"1",1.52054662772527,13.6107425440186,2.37384691290177,1.33722725023633,73.1463969036571,0.373187687399633,8.45048686465736,0.180006067715773,-0.00165724662278302,5.28974185635194
"2",1.51910557012728,14.7724694947147,3.65888383678358,1.24622552415015,72.8695997211532,0.355979111604177,9.47557107946076,2.08489310920287,0.0179658262055414,1.16278051626713
"3",1.51569938613112,12.5919622754746,1.3840524005167,1.23185220299043,73.5113030910751,0.345908346946614,7.48591368928635,0.548836696332936,0.0181090356911523,1.51168945360071
"4",1.51712952850433,13.2362781985733,3.73635604941912,1.34190920786144,73.0986500872449,0.858601319429514,6.96810222492111,0.184701268750324,0.0602099297613968,4.36194781185804
"5",1.51690882871083,13.8672872671772,3.8645302097305,1.36355458251182,73.0694867830162,-1.28197486954841,9.04210844090152,-0.132441091802975,0.0166404142866256,4.31003520227766
"6",1.51764308084112,14.418891490737,3.04808818344485,1.26677532319298,73.127039384672,0.327486992875064,10.8465076473238,0.118839374652439,0.017595911110125,5.67209523792442
"7",1.51860203272865,15.0928226387478,3.73570885988613,1.0980641217076,72.3664623103576,0.678920289402153,8.3877325969117,0.190211232263166,0.0459320827016319,4.42512431975725
"8",1.51695463475638,13.7351086831676,0.23034808592245,2.00157138581059,73.6452526645825,0.331149738044775,9.57170665320832,-0.0123514051173577,0.174443051882406,1.17170422722674
"9",1.52124194132193,14.2882195502627,3.79553109509429,1.64471497724641,72.7590181346796,0.529535828592747,8.54814511258193,-0.0118532784807669,-0.0135138598662314,8.80196865864281
"10",1.51784696824796,13.7234819413208,3.92033769978901,1.00780295491883,72.9517822588779,0.543509998303679,9.20879614498059,-0.339570995363626,0.0028350039411407,1.14206781566833
"11",1.52042761136404,13.6074412702814,3.41154864194432,1.23382157376381,73.7296041441026,0.539087557937111,9.84260607196855,0.165058292932506,0.0950489097300106,4.17789035542155
"12",1.51684920764669,14.0944387412973,3.51188983789849,2.06267659596657,72.2636924721196,0.139066114380475,8.56070857467449,-0.122068828314591,0.454500964670026,2.262972235144
"13",1.52185017524233,13.386630632923,-0.171900070437926,1.23012404548271,70.9808205618349,1.55011722364406,9.97372324716079,0.0248504972182327,0.152754844766109,1.14527187212478
"14",1.51652507186317,13.3436270996318,3.50013465281833,1.86147182370013,72.1214212012088,0.357292020812737,8.57658265487164,2.34072857396486,0.102047499744911,3.10596626201329
"15",1.51824586964889,13.0744570003049,1.24273071284622,0.640580318364062,71.5981044084625,0.381535351088755,8.3862333623882,0.186799761289489,-0.00401292368114545,5.51916112282521
"16",1.51773176909857,12.7724378223677,0.581082083441697,1.13524363325496,71.4344348443665,0.329816680447456,8.3900096562802,-0.142023829941063,0.0885889775388724,4.15837470982246
"17",1.5198690783611,12.7206206007193,3.78560270032556,1.83287869773302,72.3682753312353,1.76905714095019,8.69913186003338,-0.121729203321439,0.0853759427329378,5.40865041226953
"18",1.51811327575017,14.8156427086545,0.764929317407418,2.48849132019963,72.246183643343,0.311672747545299,7.49266508656536,0.151153451534626,-0.00691653647050702,1.20252114334749
"19",1.52179032008446,15.5417444124881,3.80266629210522,1.19526715178074,72.9492902158724,1.66295927097861,8.33539545544718,1.04245286443793,-0.0119472227003399,2.23796606879328
"20",1.51698286750562,11.8067605317617,0.220410668573923,1.60557412929619,71.1823633304261,0.755849498157928,9.3948084810985,1.36258712473047,0.0447395156709444,5.15214071074004
"21",1.5169853804745,13.6486121789731,3.76703366059482,0.759584552879136,72.1313659327918,0.278220480625221,8.29274398367729,0.496226166499154,-0.0102020517365837,2.1254995906197
"22",1.5172048746393,13.557630456546,3.78744903491852,1.78699231577552,73.0723911074494,0.449796119696472,10.305597920312,0.0962652134377407,0.101617919107162,1.16397956174714
"23",1.51664783164702,12.386619081189,2.34873624544679,1.41063301977977,72.4253050411654,1.79090008633046,9.66106545663805,1.79446017251463,-0.00285543414124779,1.16152152392692
"24",1.51522290824436,12.8096637803926,3.714441431564,2.32077815285173,72.074116552036,0.310310511833757,10.4679518809372,0.76339498037884,0.0373570282611832,1.06254177289216
"25",1.51360486245496,12.7299894701644,3.39700766375077,1.67617149834083,72.8217811119149,-0.0640165645038497,9.07197556755273,0.151797101426456,0.138995271523194,2.1370340598238
"26",1.52663658129966,12.4598764160217,3.68358101947958,1.39631945348235,72.7921079796691,0.310957733077105,8.38788403613689,-0.000964720185204881,0.0522120767561423,5.95761065857567
"27",1.51719611373533,13.0679674437423,0.580974211154279,1.73768273621625,72.1149982036274,0.898402269773458,9.31712479393324,1.10351759965349,-0.00908278339394367,3.77842732660312
"28",1.52355649753306,13.1039557798362,1.77696903088423,1.20573236667455,72.6744953803828,0.368541173632246,11.1573238175048,0.0313736511792253,0.307513247037651,5.59376537385955
"29",1.51711827798243,14.1746975701491,1.62335081699598,3.13629896854069,71.7337522766688,0.22229434597307,8.41962326431834,-0.0976308687141807,-0.00956459365558718,1.14206243961453
"30",1.52522781181784,13.9565724686351,2.39933476924556,1.26128189121649,72.5194671358962,1.00422791573312,8.38559832142208,-0.0754420192059325,-0.00634925350265757,6.78033955343721
"31",1.52414234100365,13.1154923683051,-0.115236926461691,1.19676196892146,73.2659657069284,0.449305247239052,8.44791468765905,-0.0688113471120703,0.0137820679889891,1.18229958970688
"32",1.51723897788127,13.1010901275782,3.73588979586107,2.33443474917424,70.8781097434372,-0.260110595705592,11.8838278097577,-0.10404633050511,0.00701127176136739,3.77553856195645
"33",1.51717714848404,12.7381821524255,3.79319871861945,1.51123186826152,70.8470159217223,-0.287401743909094,11.0187929190778,0.0619737654798166,0.0605725836060244,4.6943957662457
"34",1.52406316488679,13.2814450334211,3.71854740176097,1.72702594415892,72.027981486079,0.758294484635756,9.00056315671359,0.194710352488963,-0.0130553565462487,1.17968192265607
"35",1.52217042971467,13.0860808157447,2.68884054308736,1.39705257886852,72.9110478580528,0.274516980920381,8.55487786136458,0.123646363503477,0.0161250257209137,1.14351230696815
"36",1.51697665376409,12.6220908557545,3.58324694100886,1.09494965233864,73.2307458497299,0.366044807325486,8.38718614571852,0.149023181956979,-0.00719373692153045,9.23786765069383
"37",1.51738689306221,13.3936846468901,3.78465772057139,2.67012281447929,72.5019830832208,0.376445177555523,2.59789100437072,-0.140027141021286,-0.0129923264103777,1.16804792662855
"38",1.51758658498227,13.7016606113052,3.05407600302758,0.966857486411305,72.8407136966851,0.186301756727344,12.2888978565066,0.0829282046893709,0.0505424624519553,8.14228275093296
"39",1.52165343049566,13.1369811248659,3.59664477542439,1.43941822084654,71.7623090845209,0.827386855612129,12.1117176496956,-0.130514112151426,-0.00983016506235029,7.08745026030918
"40",1.52417288675357,13.1147929531607,3.68097928498645,1.94286877119749,72.6002185520339,0.304803955902942,8.12585636069794,0.141933059818185,0.0296098032552553,1.14192111827161
"41",1.51694778093604,14.223293617364,3.91142838313097,1.56929365409567,72.9984319592721,0.473249845387399,8.80856279606433,1.06165063156854,0.00965909407014151,2.81889212194525
"42",1.51712399587574,12.1014034918491,3.78512196338447,1.24545931318295,71.0275739936679,0.281610559940579,8.39014200340191,-0.0532417966727831,0.00442314700387426,1.1605567651672
"43",1.51735786404487,13.5105043391216,-1.11823362977548,1.21074169143059,73.3674472415131,0.551973610174605,11.1977267279977,0.156676878460906,0.0211614526127981,0.640064694553669
"44",1.51538357896105,12.7022694083568,0.786222924466649,1.87916584480219,72.7036737889636,0.301920063141319,9.12761780059488,0.0197662875520137,0.0165363884961582,4.39569564934889
"45",1.51240350827544,13.7370739457322,3.56349412981086,1.64938038150945,71.7021921349619,4.05746530118822e-05,8.49640293643373,1.24165260785753,-0.00444136785744612,1.19817663395113
"46",1.51689276332607,12.3266852738106,2.96405341903696,1.3831465795943,71.4550604993016,0.0119756433551754,8.38806324841336,0.0628077291968971,-0.0135286374258876,1.15666591337599
"47",1.51693198429877,15.0959256613718,1.57439967720128,1.46214953468044,73.2469483467472,-0.191768020234302,8.78898884254076,-0.0241006874736676,0.019512641536224,1.14617480228553
"48",1.51666464420808,12.7696931948558,3.56243910088345,1.36103029213239,72.8733955442886,0.640858547377502,7.70482073197589,-0.136225477301288,0.126187592336213,6.44630597293595
"49",1.51700791656794,13.0187172601241,3.69385379728755,0.885790068815203,71.8285452901312,0.355900301904706,8.24834090812501,-0.139033725889561,0.0147252605326439,1.14235408278605
"50",1.51810036482491,15.3696522081353,3.78522122929136,2.18678488127853,73.044355005945,2.42861650454432,8.34816107242534,0.112067281981251,0.327465569402572,4.7796098375795
"51",1.51671482879418,12.5878094152815,2.45111339973359,0.137890807809821,72.0501809903219,-0.209127556511424,8.61700007771271,0.0433545241702948,0.0171371866740988,4.8227784190423
"52",1.51488606688186,12.8299882328048,2.7230686219037,1.72046754169189,72.9079091363788,0.348416240877542,8.40339787243619,0.171206402984493,0.0144656690175449,1.93569895908047
"53",1.51693236086575,14.8582365945742,3.71898930057112,2.12397976476139,73.1978995964518,0.342220231177346,8.36449637219638,-0.00676633859615405,0.180386496911323,8.51624763290521
"54",1.51689288510165,12.5955956832933,3.45251023501187,1.62523612337754,72.2430498375074,0.543075792026604,8.58557420795579,-0.0460613259663422,0.30676530918689,2.2654914708903
"55",1.51776208258736,14.1071793485282,3.76990536749018,1.4697447845432,71.0403049041376,0.374643328399603,12.0638520985238,0.118952779887819,-0.0127678448712234,2.30266365639053
"56",1.51652794909263,12.1228391255597,3.77006576034369,1.07230631466349,72.765213160898,0.228028090776197,8.31425802492595,0.169597015337559,0.256226048416077,5.14873813054123
"57",1.51758015560546,12.8910189583847,-0.326844154209416,1.32761601841586,73.1566848402539,0.354537077255594,9.39176677621256,0.169781531619507,0.00447166119665215,4.1412129023445
"58",1.51553377856479,14.3757350472008,3.76315884456271,2.06412772711297,73.900499185711,-0.806047743624842,8.38423608640296,-0.133888364855576,0.0106502222188489,6.84597314316856
"59",1.52490852692893,13.6554831992195,3.69562504872826,1.17126190984358,70.945721156588,1.93041988833366,8.63540100897937,-0.145615167697725,-0.00524528890183392,8.80045892997305
"60",1.52036594408986,13.1216153252193,3.7865330073999,1.36589594975647,72.9510023396791,0.739147392760071,12.4115897209215,-0.144807426464699,-0.00897616794666098,2.76996111972587
"61",1.51194406757369,12.9608877544003,2.87957848044495,2.34843289886167,73.1229347464329,-0.536691927202095,9.94046199605063,0.327504366431136,0.00656579589737633,1.29468258320746
"62",1.51818262797239,12.7819798141661,0.642778773679589,1.1839096991915,74.6869517335067,1.33887299125311,8.39037473484041,0.163669423129595,0.201888433985309,6.36710290732213
"63",1.51509704234003,14.0264486189242,3.67287330200074,1.06799786768625,73.224115169087,0.811704500010557,8.39380426073648,-0.0767808536282268,0.174461330786467,8.13109164756049
"64",1.51690459587447,14.3357107052762,3.69332130735535,1.31303836249169,72.8564416374604,0.334632868418183,9.03329489840631,0.638195664312459,-0.0126717496179875,1.30979157220023
"65",1.51670916494288,12.7526443858308,1.83926594791251,1.05897216436135,71.3451925933726,0.326351527804758,8.93357042082298,-0.00382434711731738,-0.00450997638774681,3.29379902449162
"66",1.52182954348807,14.288769436862,-0.237345620257202,2.66018469734531,72.7550211548033,0.17121081045135,8.68480907807508,0.319651257235344,0.000654178054193863,1.77376258680961
"67",1.51514923297306,12.758265308504,3.67241884007088,1.37187785022861,72.1138398969185,1.23719294599588,8.38457767752024,0.239562076178579,0.222617406508627,1.20538383824603
"68",1.51531812666069,13.8707811858241,1.31846135481973,0.986000113294599,72.8305239887932,0.742650739901484,11.2038437631704,-0.00741949312418844,-0.0134961797193468,4.82869739685044
"69",1.51834910619945,14.2149617855912,3.70755641510825,1.18292073243146,71.9507665361588,0.507443734846508,9.56782235148731,0.895720155609209,0.096843724055065,7.5141729308042
"70",1.52187727640648,11.8135943249032,3.13818275927933,1.31528824034805,72.8934177560518,0.416523481553933,8.73412830555531,1.14699663276784,0.101214551120919,1.3214919508697
"71",1.51607641452043,15.2816311132703,0.320059970653128,1.22297228997742,72.5581881966692,0.522454431101784,8.69786540552219,-0.131906180859663,0.137926059499437,1.14626622352915
"72",1.51442566316132,13.2725104052927,3.62259759145206,1.45567731136048,72.8599670045316,0.181643915303461,10.0559544381448,0.801207258806682,-0.0120277333042069,0.904000775693219
"73",1.51694348694855,13.3643559900226,3.67620858595459,1.46015599077231,72.4975445160481,2.11472578433141,8.40128613749515,-0.0636531190105786,-0.013177748752266,1.14779169964907
"74",1.51728390623449,12.9541811685855,3.44973753553787,1.5430286587622,72.8379066878128,0.365302963425981,8.38137379908391,0.0998362177945751,0.1461328038189,1.73318848020361
"75",1.51608796049842,12.7676189007347,3.78356479804697,0.877430558079652,72.3745786880648,0.485589732685347,8.38775557023964,0.168258941074982,-0.00459344309269408,1.62231722375358
"76",1.51971764297677,12.6273914349343,3.66870472258993,1.28254517873941,72.7454948786397,0.392534790294903,10.2171169748844,-0.134551299447184,0.169145054840599,1.08203110830982
"77",1.52538142443309,13.6688022930255,-1.24294173558594,1.19601748761982,71.7062062422821,-0.473222865201676,8.36384624099187,-0.0229849632095612,0.00208925751030359,1.14244604763278
"78",1.52170277256896,13.1262934421561,3.57018677826539,1.31518313373418,73.1137666936246,0.356107575997125,8.27687592294341,0.179607074284768,0.095866010340419,2.33570728561244
"79",1.51694302615454,12.8986982579045,3.11509413096071,1.01559089066191,72.5803281782274,1.04011185320132,10.9165400887575,-0.143351918983295,0.0074174554060932,3.61559768784431
"80",1.51753057293415,14.3694331818264,3.50552090006607,1.13621174549057,72.6713811317378,0.464267316163276,8.87086301816674,0.133578269772145,0.0646769307622709,1.18012552916204
"81",1.51928136471227,12.2622062648196,2.59630308693973,1.22309054698417,72.4827878858538,0.324665959462093,8.38531535615808,0.150082728561837,0.140802109910653,1.8757079928957
"82",1.5218229426235,12.4630307717911,3.66932658356221,0.95369273298498,72.1258700364424,0.368119800765687,8.35933236823911,-0.104724258036941,-0.0127399832025618,1.99011251968113
"83",1.51496913078387,12.705326488222,3.50618661136466,1.24017243262857,72.8871087045958,0.512723012711,8.38524540840938,0.109986872699705,-0.00559859198498172,1.21312138553649
"84",1.5197257794622,12.7464695191412,1.11338255001472,1.16398269333284,72.9533482214861,0.241443244928572,8.26337293463408,0.14498453107783,0.247361905047168,1.15463050955801
"85",1.51656694275285,12.7208250959843,2.9700775782024,1.52636385291708,72.71821280277,2.01456253303659,8.38592403446943,1.93452316524126,0.00262381015601893,5.02568273920569
"86",1.52779402681853,12.4938074925579,3.79182280558646,1.08253400627746,73.013804629787,0.356313467362069,9.56966287255791,-0.738265760725056,0.0158233914803251,4.27980726372175
"87",1.52021118122303,13.1181454510918,3.80081716911971,1.60426891000303,70.8424945007917,0.529226014721589,9.87331229000237,-0.0828088607128568,0.017450434391752,1.47666418632357
"88",1.51747235532915,14.6995193368695,2.74339715558013,1.24136827977869,70.8992036855349,-0.404204392452969,6.21875421188945,-0.135232966942134,0.0175596462972871,3.98766159943455
"89",1.51751031413717,14.8265526666561,3.71845443517032,1.26616590941413,72.4522235818139,0.430880131724067,8.959212691324,-0.138121716514683,0.0175381223456507,1.16702288698068
"90",1.517140565223,14.5510372587853,3.70748459053477,2.29430739130163,72.7593772329693,0.2714963962207,9.32910052954545,-0.48150299361673,0.146539023943762,6.08767809808672
"91",1.51945203705228,14.8493050303775,2.57038925377477,1.48322638156694,72.6585226792362,0.0524946838595131,4.45409911159332,0.105967754423964,-0.00848379936965018,1.26692081128812
"92",1.52277052052333,13.3048158754754,2.27268554981859,1.58703740150829,73.057749060741,1.21356755034291,8.13590061411708,0.444334842628301,-0.00810945766176466,5.1918972557368
"93",1.51757187176964,12.8505839979627,3.80141323688937,1.08790754707321,72.6277976953443,0.803468523984659,8.26234075481779,0.0478970344889365,-0.00983355220583346,5.11831472191757
"94",1.51973613271158,13.4137683167645,1.30025174566205,1.58940050825239,71.0928794789075,0.438004536817431,8.38492161118114,0.162245646652658,-0.00680999330886287,5.89200582284419
"95",1.51776514875802,13.1028933095077,3.67347914512728,1.81349536156144,71.8155063129012,0.844097815434153,8.38909743488325,0.767699564313436,0.0176425364077843,1.95192174965273
"96",1.51708169437189,13.0977624633929,3.68138321106911,2.53803149940437,72.8107280162739,0.885888597401875,8.39986125979814,0.00640245864101396,-0.0119434100936347,7.09679505511708
"97",1.517281518429,13.1074337875043,0.914361370883768,0.536442020276114,73.2610452555178,0.57782513963644,8.38506759880303,1.04927756533491,0.0138065977158362,4.22387679410113
"98",1.51725282084028,13.0136781345219,3.11045553084943,1.85222941506183,72.687589347887,0.869501643349271,9.16130631317578,0.178771975259555,0.103942838414853,1.17315510871193
"99",1.51842652406295,12.9336968931975,3.74688005591376,2.18332476888622,72.775901239207,0.69155154975626,8.37828181100438,0.0562285658132206,-0.0253288915387188,2.53146336853629
"100",1.51922793985449,14.9656388351673,1.93839421404341,1.66187343409191,73.5194672647915,0.830453168013563,10.0706092377257,-0.144467355140451,-0.011068621954389,1.16589177265825
"101",1.5234841556055,12.9008571457373,3.77675990495502,1.99308267503165,72.5455190043941,0.333643809834958,11.9154281982737,0.150960006242761,0.0510753098553794,8.18324682988206
"102",1.51952284006349,13.1754520359379,0.447353390704003,1.13861526608008,72.4196358552794,0.228217818617362,9.7792522113599,-0.135097742903799,0.0172630972366342,1.1599163676968
"103",1.5180591709571,15.6689029839558,3.72880525619157,1.15334501896552,73.639731232332,0.606464811972492,8.77722553819101,0.161591025480518,0.0170800204956518,1.17210874496623
"104",1.51723756509495,13.7649862866295,3.75295220490783,1.82890357734957,72.8898487685342,0.319942908791264,11.1869504460664,0.0403545110914855,-0.00316666627987394,3.95483821966217
"105",1.51794378512039,14.4678304856964,1.0678521025517,1.88235415751557,72.8733026465563,0.219045026534084,8.37607497799999,-0.26907755991806,0.0164156587531719,6.27174146974175
"106",1.51786744834561,12.1320928571635,3.78888284174629,1.96577386021671,72.8756939241987,0.328377535751215,8.08703929794306,0.348875407814572,-0.0121484051852123,4.02950271133212
"107",1.51613866883345,12.7202667149395,3.43601661208557,1.62029421234643,72.2312613194142,0.603611671733622,8.49783442165721,0.19265352540009,0.0805456375402903,3.67123663142809
"108",1.52044254280814,12.6871303250842,3.70484993960946,1.98507739856172,73.0035834734907,0.396703971197291,7.30344236857924,-0.146133874008304,-0.0132145632703872,5.7062578406171
"109",1.51630153214993,13.3216274126634,0.805761101643565,1.06213107700686,71.7039638078793,0.379592307017467,9.86073342262993,-0.0226970214369044,-0.00828161003500899,4.61155012218415
"110",1.52131776622692,13.2804217098963,2.25198305505024,1.97885048062102,72.2387385122568,0.416123095951533,8.89227704377787,0.0701136745720767,-0.011371219894476,5.38159653132881
"111",1.52020266834438,13.8331753683814,3.15986544495496,0.583630925141623,73.2812003450581,0.663576603584071,8.72157924140626,0.814372374967123,-0.0115233121227683,0.809827643034269
"112",1.51835780532005,13.3494235888467,3.68537708867642,1.95786298701923,71.5308077398172,0.284041977685411,8.76938469158115,-0.139655379439198,-0.0131243951629905,3.29652052368241
"113",1.51665171012262,12.6978214474351,2.14023151733127,2.01479523456141,73.1129852144143,1.3939554022303,9.07802012419913,-0.0127528617639805,-0.011797448783232,5.49116474211537
"114",1.51908103524214,14.7058068586022,3.67411302543096,1.55093840717848,72.414597375673,0.097821097836803,9.15136714856262,-0.102787111403003,0.269945968478914,1.02204864933291
"115",1.52027501233243,13.1864470255578,3.79365898382644,2.74626661780844,72.871913545696,0.162662040926795,9.34711575294936,-0.0983114126454198,0.0173998072832802,1.48990429214681
"116",1.51694025343838,13.6939862121432,3.68239083100773,1.17100720721969,72.6547155050596,0.3555320320616,9.67989702078219,-0.18593821108062,-0.00866635166734789,6.67775438232266
"117",1.51689267269341,13.0485212192326,3.800727278389,2.0953618991768,72.7209075484654,0.301774895888665,9.28001568788996,-0.14291768170233,0.328584949768119,1.17240561502327
"118",1.52829276246107,13.3023778985967,-1.28350702558013,0.92553957027218,72.6804561760092,0.342418749178255,12.7359982370167,0.0599709487085242,-0.00205296219865888,1.15338658691708
"119",1.52238964818109,12.0758217228093,-1.74760804613342,0.770186857653929,72.4057082367521,2.28499850446147,8.35840406032804,1.65093189345948,0.205632891945687,1.69866485364952
"120",1.51812039347381,13.8058136463656,3.77806431136185,1.51065034685151,72.8483093717457,0.37030992482056,8.38591056101781,-0.0666780864916849,0.00219954050509173,5.98230962053823
"121",1.51644699065703,12.9971092070307,1.59898958979301,-0.394138324940873,72.4407126080138,0.364491951526999,8.02833125769751,0.173363475207772,-0.0101471626452593,1.45159899521221
"122",1.52279861786215,14.0529443162216,3.666212877088,2.4360838660318,74.2726139745381,0.338716484029226,8.38578765282433,-0.0738673117925394,-0.0117969290224779,2.91696536950231
"123",1.51642087524609,14.693247229375,3.49417179132727,2.8645869746902,72.6045186324566,0.421086164291789,8.38673710795603,0.140624056927891,0.0432550485384326,1.26625362090919
"124",1.51970423408475,13.0401031256202,3.67421136086022,1.57096810301378,71.0221872968695,0.347308267987559,14.237447899983,-0.144763163940772,0.202766959545287,1.02599639304021
"125",1.51722761075626,12.5420723213361,1.27278509186542,1.23971997329614,75.3499361654175,-0.12198103125815,8.12275900282392,-0.0288879766331563,0.0430805682203814,1.14734838872542
"126",1.5300292645627,13.4740426335071,1.78472583963817,1.61630457925646,72.8438931149308,0.368225703049296,6.71759154445799,0.191854529237867,0.298146660007771,3.58671231189596
"127",1.51738237936062,13.040781185976,2.91143214978693,1.64633480889838,72.8100439363458,0.313898327534094,11.478895067428,0.187767103113708,0.0127809215507467,4.75840078288727
"128",1.51962464300468,13.2948066311949,1.27207107052916,1.63058778936404,73.3173083006375,0.180152068801333,8.88075385712702,0.0363062276906762,0.00057377038049217,1.1499418754745
"129",1.51780386179565,13.1181716328669,3.79262023796632,1.60949723549999,72.8157584224513,0.230305268380402,9.34856263953881,0.561159197777778,0.0277940516417871,1.19480839576436
"130",1.51752407154629,12.7053094660694,3.58955103368585,1.48502560525124,72.7636050250714,0.694827506639899,7.85246810230761,-0.0705824951631601,0.00425191506793449,1.39335500196861
"131",1.5145666207905,12.6033607057724,1.56781215717908,1.28096895001403,72.8987646001778,1.29975256870637,8.4177107943625,0.0874136426174205,0.00311183389334579,4.19828150000385
"132",1.51655481230833,13.0985264451337,-1.48050999586062,1.32934245542438,72.2497831800673,0.840509490378767,8.75494955720089,-0.0783671130543809,0.0195638569769113,0.643509946308093
"133",1.51696821176925,12.7232194489885,2.83949266812401,0.760329503929373,73.0064505078882,0.35033085307381,8.81966776969566,-0.0614582848833376,0.010694648035378,1.15434767930945
"134",1.51347525941307,13.2687529176418,3.72515584827762,2.10903712138362,72.6531809009317,0.395105895883165,8.38468178080758,-0.102256401646612,0.235129065511358,1.14184285954659
"135",1.51656928397357,14.4013176284388,1.31102726966618,2.23813051765419,72.8034208311085,1.76975732567812,8.34174684608941,0.108807513969232,0.215233206338106,4.5694154166744
"136",1.5245917219485,12.989286523364,3.95150775833573,1.04470770020806,72.8783799784544,0.415323361409871,7.99472902710049,-0.140761336878043,0.103018370760461,6.4056899628856
"137",1.52595664085436,14.2134037324623,0.676528523707198,2.04477603795315,72.5612104064024,0.427875918844484,8.40104810933229,-0.819776262224146,0.210091518550151,1.27599936506158
"138",1.51747175743463,13.7624278652146,2.75985777947212,1.29291312239879,72.971774815231,0.732546379923604,8.65462129425491,0.407539933972491,0.0170035255410687,1.08224800006912
"139",1.5217171997383,13.4612375173547,3.43997357770576,1.96687548367038,73.2686814717142,0.313378493045009,9.96504730925298,0.3017532486636,0.00556513838579668,2.98600425448485
"140",1.52445102687206,14.3877372457977,3.23363938032635,1.30166054726853,72.6413265386393,1.45665905352169,7.78526541435981,0.066663944154096,0.0463360260141995,1.14200989321093
"141",1.51919641022603,13.055470413827,1.02764083205442,1.40351785837596,73.0548210759495,0.352002807341377,8.3207931703983,-1.79474865028107,0.138764943725618,5.5749908901232
"142",1.52939989877472,13.161919470272,3.71128613816512,1.84730255822385,72.0837280331323,0.12065146531559,8.81442126973755,-0.206504352010966,0.0439573793227823,1.32991567373162
"143",1.51872184458776,12.9930489938495,3.67202359951461,1.32107541315469,72.922287283788,0.224614403305097,8.384971849159,0.107311073862305,0.011034591697007,0.878404334471487
"144",1.51708960327293,12.7921459784031,3.01595810071523,1.70309034095558,72.9782977485606,-0.146866045852544,15.5434450065001,0.169949818420801,0.299845461886948,1.15365261303125
"145",1.51703561930919,12.6561759791698,2.83301986446049,1.31455621592007,72.8935892721784,0.152450715788486,9.450891233648,-0.123067977303112,-0.012202794017887,5.64595539668383
"146",1.51676623986155,13.2154314228212,2.30022950617925,0.980146361095549,73.0947328798722,0.303428594345072,10.353985239381,0.183850988858147,-0.00902152827533904,6.92021688661996
"147",1.52015501098532,14.8285956770421,3.71216619200751,0.86502991497757,72.7241026855188,3.40795679599026,10.7232502470153,0.711673181977,0.0305918062341534,9.62753005518248
"148",1.51856135991097,12.8560288239083,3.8027839017195,1.74376108547934,72.9927618101376,0.319832281966263,7.57435167171318,-0.117971738799344,-0.0135147074641378,2.06790335895517
"149",1.52386397118037,12.928215523659,3.79712784287795,1.24933748548518,73.0439250922628,1.17920266752639,8.48370478313231,-0.131981374542828,0.150576182216795,1.17107506132346
"150",1.51648260025659,14.6506930943072,3.75019407031238,1.02535722946814,72.217782980604,0.365236930983447,8.26389745946305,-0.0885664111628079,-0.00927215453273554,2.70742528212988
"151",1.51642415999325,14.1641478690644,3.72237748021399,1.49147661467121,71.7815072250028,1.52548266549002,8.38755712219296,-0.110305215413681,0.0129472769980815,3.12979009524867
"152",1.52386981240664,14.2009946351829,-0.486386513862935,1.89811164847352,73.1808532297822,0.905872521776049,12.4326930501583,-0.136124778545444,0.0160817022589845,1.87416812687889
"153",1.51769919252174,13.2952480800936,1.61149186271988,0.646393024819603,73.5293524618054,1.83588381222904,8.73443040483521,-0.0934745565003833,0.0753948461578075,1.15016843070227
"154",1.51838802959843,13.6093278228316,3.15238169097776,0.393802955151942,71.7509687394784,0.341227978179618,8.38867996501563,1.90661522964397,-0.0089624070305331,7.35804145042825
"155",1.52014031217964,12.6970893351708,1.29675877003424,2.21907139996109,72.8156820385067,0.216600374088987,8.38286438082726,-0.0032073229116456,0.0186750324368021,1.44257658969264
"156",1.51548363414941,10.5242450042804,3.0163637688866,1.20027694215113,72.0220434301339,1.52499668552448,8.87775539155391,-0.0776343821350639,0.00650645064307308,1.7861845306102
"157",1.51792174125687,14.7124602039609,3.46409284281623,1.7738669117222,74.9649756490043,0.587306482652648,12.1071781146347,-0.215019062049936,0.284107246313882,1.59827736143837
"158",1.51510950723057,12.0131595493254,3.44909735284558,1.38436707031339,70.4737771159036,0.371563859606388,7.4704045855067,0.139168023730754,0.0172667246571707,1.46126785392165
"159",1.51345098101366,13.4664204122107,2.01034311920116,0.29067841776016,72.3266610468243,0.2406597252438,8.50867963205619,-0.634880296689386,0.0641062511578467,3.16387724525838
"160",1.51496041901246,14.4056618039509,3.68538391863114,1.22304363567559,72.8620956148179,-0.0470895882513584,8.66155807680244,0.316210069120027,0.387975755093841,3.86825459481303
"161",1.5169474676881,13.4928918661325,3.700838248916,1.33375321541286,70.9820819044316,0.918309772307623,8.38477369226814,-0.131393895958804,-0.0422004972450896,1.34226771114104
"162",1.51637033678958,12.5373797178527,0.112934763664857,1.18785686077079,72.3631570345206,0.350593917264895,8.37954102100018,-0.132720537860887,-0.0073107557860964,1.1690448098205
"163",1.51849684530027,12.6966475710264,3.7770930053302,0.786580167745267,72.7581253278148,0.572743684109648,8.3106988685877,0.0424100440177035,-0.00612525021457272,3.20847994110483
"164",1.51819552206742,13.5480883191657,0.390772149432419,1.35895273213321,72.7109072149254,0.523439430764554,8.30875615158578,0.191313159476069,0.0123689702133126,1.17358710142625
"165",1.52031058238768,14.1047428503136,2.9028861316477,0.747391787123572,72.4013640684841,-0.0734263612907002,9.64639048317307,1.17975438773406,0.131575368262647,2.78664646566106
"166",1.52474965294014,13.6225357595034,3.74594473597737,1.00045523509739,71.6418426779145,0.043013744220179,9.88638101522988,-0.511222267019023,0.0390657383753729,8.53067432770102
"167",1.51967457330765,13.5512883801159,2.22835150224078,0.0447883743258646,73.5989479098752,0.476850068445687,8.38504680475486,-0.143291400912998,0.0122948379355748,5.14492995843753
"168",1.51784199354502,14.8752156365295,1.28553423952378,1.3415521650753,72.2290224991287,1.88867915399642,8.40534951417366,-1.05977343271741,0.10732159146128,1.15780449772234
"169",1.51803569162186,13.3266810043228,3.71272769154672,1.89093505606888,71.6847544808017,0.316427522380299,8.38542769095171,-0.11242813064978,-0.0102953182009335,2.60528383107628
"170",1.51976910420954,13.5926893787287,3.80155134353868,2.01855313710038,72.960999813724,0.455441341259018,9.11558248648239,-0.649274193689168,0.0609832321802018,1.71402543987705
"171",1.51787242762194,14.0184861368081,-0.410081482517362,1.32708576382321,72.9382192319406,0.483914239570469,8.38624908441545,0.193131673598917,-0.00155271522056954,1.1428181072405
"172",1.51710474396294,13.4014858104062,3.74344354630567,2.80630111093613,72.3334928102284,-0.20525635596526,8.3877574594595,-0.12434585545808,-0.0780768259614865,1.21393841479681
"173",1.52041856430954,13.1730498848187,2.03815616950228,1.53687786780729,72.8227120713222,0.81625540953821,8.15856760136978,-0.128556428073815,-0.00169442500171528,8.92347541952128
"174",1.52050984097826,13.5973093491086,3.75573366764062,0.866266771812704,73.0389233926376,0.312959401742354,8.38710135115746,-0.130610813882856,0.0373119245987604,2.48948983024433
"175",1.5187564869754,13.8306841590289,2.89549654141843,1.13064001848625,72.3078144479584,0.353605310049928,9.11673756988093,0.404023352191246,0.315024046627022,2.23089171496967
"176",1.52029991551299,14.5143076839295,1.62147795641075,1.07231913903085,71.1533761329509,0.772566209997112,6.93849441875074,-0.074463624870213,0.0842932322014268,2.49317573026718
"177",1.52094398846922,12.8103342858138,1.30459364804589,1.9615608590455,71.642954892103,0.500371118791585,8.38448847361973,0.0199244110279008,-0.0136037392943611,2.59143793228404
"178",1.51962372223054,12.783158040142,3.71063744431867,1.54394487037872,72.1151331120715,-0.171550193059607,8.3884027664765,0.177622111512117,0.00408225131119086,1.52471154213411
"179",1.5156232525262,12.3221066481888,2.27546737885051,1.00235685873289,72.7644900801353,0.263482282939763,8.8052395274461,-0.14473244356303,-0.0128048843107728,4.39819897555207
"180",1.5168095511342,11.8920965678735,3.23769204823143,1.79732584292345,72.0037253110009,0.409353872051505,9.0533153689723,0.806235356718872,0.0576756190259344,4.1927708185111
"181",1.51818802127405,13.0756187063671,-0.851014237617841,1.06040363007948,72.6772950816731,0.997498324503684,8.99386291794004,0.156922885055919,-0.00791476655321077,4.47027016548601
"182",1.51765019010199,13.2994681976605,3.15149970981765,1.48660132714087,73.1084238489124,1.02937318395651,11.3245022836023,0.0986151904434649,0.0024869454161172,1.1454309459758
"183",1.51677450595095,13.3228379825379,3.79733743991716,0.471322373487038,70.9806495217638,0.999670160682628,11.3879233072936,0.552801952321636,-0.0122806408531681,1.89631420905587
"184",1.51556180513934,13.0342967446944,3.7958186894918,1.47648696265758,72.0206627460679,0.727184961621029,8.45470299551554,0.0181540835720087,0.0667304903693228,1.14331946871013
"185",1.51721668161104,14.0657296670409,3.61263443567639,1.2526918126945,71.3386452950987,0.686695994606582,8.31335765071328,-0.129389481978827,0.0760470480063037,6.51234577866169
"186",1.5168672427822,13.6198860308349,3.66129698737206,1.3079660386314,73.4116169693518,0.327600269843648,8.85434130537947,0.065606842475131,0.374992482867349,1.21806877179967
"187",1.51692282549889,12.6375114405575,3.77803902578731,1.24562988659191,72.3435225238731,0.258343409610875,6.74618793022497,-0.117614982782025,0.0579486160904072,4.79966122458818
"188",1.51105766931235,12.4653342508978,3.57024639743113,1.38478377572617,71.6321278819375,1.23635507066035,8.42324909064745,-0.145797953242815,0.010005947330886,7.40815109016674
"189",1.51703268797586,13.0090674016851,2.92270976184611,0.29027692901518,72.800290822723,0.599251691976526,7.93821269862069,0.187482442266738,0.127341817077524,1.17203442900574
"190",1.51713881166426,14.7707384917313,3.7306879613107,1.66258587086566,70.8774868932299,0.469690137173781,8.51713145933011,-0.137527857499928,0.0100039503059458,1.17264228933376
"191",1.51665787417664,14.8304295217759,1.24895593336861,1.33593758122494,72.6156905023784,0.414179848487115,10.9774100615922,0.102564138664471,-0.00099192156855731,3.22290459674226
"192",1.51808783119202,13.3462391839275,3.71019408559553,2.01095690489137,72.8063276168751,-1.08110001991771,8.69942468502328,1.6954534913468,-0.0130880565870409,1.93283431901434
"193",1.51672534871114,13.1020374128595,3.78622778750613,1.22298512546412,73.0029998630812,0.325777464073215,8.38217660140907,0.0774174222194142,0.017054358009217,2.99032025822576
"194",1.51473441970287,14.2919900212091,3.99094555928116,1.6004897240054,74.8771005985712,1.06796557108278,9.89591197527381,-0.124588955579428,0.168436493170653,1.08315228508769
"195",1.52278711935148,11.9579597184757,3.7906779663448,1.04788175682676,71.5060650194769,0.422854052242265,9.69182075585587,0.311870616092798,-0.010672018240136,2.10833752625179
"196",1.52267217977794,14.3301215832214,3.71037529230181,0.990026099671484,69.8399260729212,0.524883094153377,8.38460009883311,-0.141588638814826,-0.0135921248641694,7.88085700835693
"197",1.51673364188497,13.9390005492841,3.6775286824294,1.61625073951489,72.0859578324234,0.403775952932499,9.67038177345597,-0.1794103379295,0.00130070672944598,2.02372085175856
"198",1.51419810108847,13.0768666960467,2.57021782048512,1.05633184099041,72.9514392106469,0.316928825860799,8.56137324292888,0.175190034929232,0.00109993920662732,1.62545220852361
"199",1.51684520003947,13.1056108529072,-0.741700467614619,1.4345202547447,73.7329018013418,0.190961250858028,9.04599295950907,1.10460361063289,0.102247704583309,1.20944163227368
"200",1.5151891468297,11.9515569502618,2.68079195865865,2.29767034256501,73.8894704237982,1.03288975917952,12.9113339237739,0.325438890196938,0.249673743103528,1.16139805346591
"201",1.51918418454827,13.5172959728863,3.23623978561272,0.884855748366882,73.0382284212786,0.963266991110577,8.38432913243872,-0.133072151310648,0.0137973016953486,1.17043619945964
"202",1.52573764995433,12.9692216313929,3.66987072228033,1.40788583892044,72.1246074059694,0.616380411300982,8.32065026269387,2.40831136645455,0.0174726967251767,2.62096539045871
"203",1.52799426382803,13.1708137653255,3.55783102174793,2.0753939093907,72.5434022249919,0.133171559783154,8.46711183446159,-0.131703422531444,0.00698671419045074,1.14255215909786
"204",1.51774457331206,14.2649255246595,0.202415612025812,1.0233838653583,73.3368488097165,0.65952681383796,8.52052550785216,0.146019573881583,0.0940253607053071,2.37685610687999
"205",1.52019096975808,13.335562387239,3.77130899215783,1.25083160255272,72.5725586126011,0.310978803662757,8.2820098597474,-0.139524930492223,-0.00683805872597054,1.14594326606189
"206",1.51632535450966,13.4098576086855,3.79915993276154,1.14881934854191,72.3760117923497,0.328443935399189,11.3559903525933,1.21040851788669,-0.012925460853812,5.21275811304926
"207",1.52238411857481,15.7556160026087,3.27066474080688,1.34613226887098,73.1556960844477,-2.03322001586373,8.65835083388356,0.111432850688409,0.0190831040709748,2.03308189724767
"208",1.51711219958064,12.3208739024966,-0.95727460708948,2.794284666344,73.0609137829172,0.36556196414593,8.38872993462376,-0.0845238807162043,0.0151435526281902,1.22471438720273
"209",1.51852103798042,12.9830509654958,0.0579671489901632,1.71685255752661,71.4927017953723,0.397676648892441,13.1074362977996,-0.146056076550003,0.0304956356137583,7.0612666072971
"210",1.51764928450024,13.0870430481321,3.69485975927657,1.17050813652308,72.698312611167,0.776221850574172,8.55021478656445,-0.138968353682807,0.0319238297148895,2.57937059180211
"211",1.5251606386977,12.3917053105152,3.08016206210426,1.2970665810375,70.9784192126818,0.313172939525823,7.72594840292202,-0.142510066668951,-0.00643948425427439,1.2367341671438
"212",1.51795674983309,12.9655068857859,0.920505647429932,1.2234128005498,73.4310444539344,0.369915842733216,8.38846207220968,0.104133648623428,0.0692874600307225,1.14506829060397
"213",1.52255549843596,14.0351361614362,0.0500698672449096,0.895032157359499,73.0547928774284,0.388460286235845,8.3321244253345,0.0306553861760028,0.0139963620526657,1.64285257995055
"214",1.51863130703459,13.2563868175602,2.72486704779618,1.38758181637378,72.8540617860949,0.613490335249874,13.2259302034122,0.289593507758686,0.23925990465224,3.47546526990757
"215",1.51716802948946,13.7017483727687,1.42917426200508,1.39565628470146,72.8432731416262,0.311345776233482,8.38367981126143,2.56733617108207,0.273285223016089,1.1428250373849
